Gene,Autism_Mean,Control_Mean,LogFC,P_value,Autism_N,Control_N
HIST1H1C,9.942,9.5105,0.4315,0.000431,39,40
H1FX,10.7218,10.6158,0.106,0.231193,39,40
H1F0,12.9041,12.9731,-0.069,0.416999,39,40
