Gene,Mutation_Count,Unique_Patients,Missense,Truncating,CNA_Altered_Samples,Total_Altered,Mutation_Frequency,CNA_Frequency,Alteration_Frequency,Functional_Mutation_Frequency
HIST1H1E,16.0,10.0,11.0,1.0,11,21.0,0.20833333333333334,0.22916666666666666,0.4375,0.25
HIST1H1C,11.0,8.0,8.0,1.0,11,19.0,0.16666666666666666,0.22916666666666666,0.3958333333333333,0.1875
H1FX,0.0,0.0,0.0,0.0,18,18.0,0.0,0.375,0.375,0.0
HIST1H1B,4.0,4.0,3.0,0.0,12,16.0,0.08333333333333333,0.25,0.3333333333333333,0.0625
HIST1H1D,5.0,3.0,4.0,0.0,12,15.0,0.0625,0.25,0.3125,0.08333333333333333
HIST1H1A,0.0,0.0,0.0,0.0,11,11.0,0.0,0.22916666666666666,0.22916666666666666,0.0
H1F0,0.0,0.0,0.0,0.0,5,5.0,0.0,0.10416666666666667,0.10416666666666667,0.0
