Gene,Autism_Mean,Control_Mean,LogFC,P_value,Autism_N,Control_N,Mutation_Count,Unique_Patients,Missense,Truncating,CNA_Altered_Samples,Total_Altered,Mutation_Frequency,CNA_Frequency,Alteration_Frequency,Functional_Mutation_Frequency,Expression_raw,Expression_score,Mutation_score,CNA_score,Final_score,Rank
HIST1H1C,9.942,9.5105,0.4315,0.000431,39.0,40.0,11.0,8.0,8.0,1.0,11,19.0,0.1666666666666666,0.2291666666666666,0.3958333333333333,0.1875,1.4522230579256443,1.0,0.1666666666666666,0.2291666666666666,0.51875,1
HIST1H1E,0.0,0.0,0.0,1e-300,0.0,0.0,16.0,10.0,11.0,1.0,11,21.0,0.2083333333333333,0.2291666666666666,0.4375,0.25,0.0,0.0,0.2083333333333333,0.2291666666666666,0.13124999999999998,2
H1FX,10.7218,10.6158,0.106,0.231193,39.0,40.0,0.0,0.0,0.0,0.0,18,18.0,0.0,0.375,0.375,0.0,0.06741868386752482,0.04642446867895465,0.0,0.375,0.13106978747158185,3
HIST1H1B,0.0,0.0,0.0,1e-300,0.0,0.0,4.0,4.0,3.0,0.0,12,16.0,0.0833333333333333,0.25,0.3333333333333333,0.0625,0.0,0.0,0.0833333333333333,0.25,0.09999999999999999,4
HIST1H1D,0.0,0.0,0.0,1e-300,0.0,0.0,5.0,3.0,4.0,0.0,12,15.0,0.0625,0.25,0.3125,0.0833333333333333,0.0,0.0,0.0625,0.25,0.09375,5
HIST1H1A,0.0,0.0,0.0,1e-300,0.0,0.0,0.0,0.0,0.0,0.0,11,11.0,0.0,0.2291666666666666,0.2291666666666666,0.0,0.0,0.0,0.0,0.2291666666666666,0.06874999999999998,6
H1F0,12.9041,12.9731,-0.069,0.416999,39.0,40.0,0.0,0.0,0.0,0.0,5,5.0,0.0,0.1041666666666666,0.1041666666666666,0.0,0.02621068406857376,0.01804866265242552,0.0,0.1041666666666666,0.03846946506097019,7
